Time,ECG Lead1,ECG Lead2,ECG Lead 3,BP1,Heart Beat,Temp 
2,0.074550129,-0.151490066,0.695807315,-0.482625483,0.002655029,98.6
4,0.055698372,-0.158940397,0.70205174,-0.530888031,0.001403809,98.59654594
6,0.084832905,-0.149006623,0.692239072,-0.434362934,0.006652832,98.59986898
8,0.061696658,-0.166390728,0.680642284,-0.627413127,0.003295898,98.5963665
10,0.042844901,-0.16307947,0.68956289,-0.579150579,0.019317627,98.59816196
12,0.092544987,-0.118377483,0.718108831,-0.675675676,-0.035095215,98.60066286
14,0.072836332,-0.074503311,0.813559322,-0.627413127,-0.05670166,98.59581176
16,0.091688089,-0.028145695,0.860838537,-0.627413127,0.175170898,98.59223423
18,0.120822622,-0.038907285,0.871543265,-0.579150579,0.161987305,98.58754078
20,0.092544987,-0.040562914,0.779661017,-0.434362934,-0.211029053,98.59062774
22,0.101113967,-0.012417219,0.667261374,-0.579150579,-0.643218994,98.5860992
24,0.162810626,0.011589404,0.630686887,-0.482625483,0.182342529,98.58776101
26,0.167095116,-0.002483444,0.645851918,-0.530888031,0.747283936,98.58732134
28,0.176520994,-0.021523179,0.680642284,-0.579150579,0.050598145,98.5903513
30,0.206512425,-0.072019868,0.670829616,-0.530888031,-0.366455078,98.58893569
32,0.231362468,-0.162251656,0.659232828,-0.579150579,-0.726379395,98.58418903
34,0.167952014,-0.176324503,0.772524532,-0.530888031,-0.086273193,98.58137491
36,0.144815767,-0.234271523,0.817127565,-0.482625483,0.459533691,98.58348406
38,0.139674379,-0.262417219,0.85102587,-0.530888031,0.608612061,98.58397327
40,0.124250214,-0.303807947,0.898305085,-0.530888031,0.311340332,98.5876702
42,0.159383033,-0.313741722,0.935771632,-0.482625483,0.092773438,98.59005856
44,0.142245073,-0.348509934,0.957181088,-0.482625483,-0.436462402,98.58609086
46,0.139674379,-0.373344371,0.987511151,-0.530888031,-0.631011963,98.59080519
48,0.179948586,-0.379966887,0.980374665,-0.434362934,-0.477661133,98.59319232
50,0.194515853,-0.381622517,0.982158787,-0.482625483,-0.126525879,98.58833089
52,0.201371037,-0.395695364,0.977698483,-0.482625483,0.502075195,98.59012211
54,0.245929734,-0.381622517,0.955396967,-0.482625483,0.502258301,98.58997714
56,0.252784919,-0.366721854,0.942908118,-0.386100386,0.621673584,98.58532432
58,0.258783205,-0.351821192,0.934879572,-0.482625483,0.290466309,98.58146872
60,0.301628106,-0.32615894,0.917930419,-0.434362934,-0.193023682,98.57723497
62,0.309340189,-0.301324503,0.898305085,-0.386100386,-0.514678955,98.57831321
64,0.303341902,-0.276490066,0.892952721,-0.579150579,-0.502563477,98.57564787
66,0.336760925,-0.228476821,0.883140054,-0.337837838,-0.142852783,98.57206799
68,0.329048843,-0.20115894,0.86440678,-0.482625483,-0.106994629,98.57236972
70,0.312767781,-0.178807947,0.868867083,-0.434362934,0.240783691,98.57667273
72,0.329905741,-0.148178808,0.857270294,-0.434362934,0.34866333,98.57784176
74,0.333333333,-0.116721854,0.842997324,-0.386100386,0.199310303,98.57974068
76,0.313624679,-0.09602649,0.844781445,-0.482625483,0.075317383,98.57708494
78,0.344473008,-0.062913907,0.834076717,-0.386100386,-0.046020508,98.57415338
80,0.346186804,-0.039735099,0.821587868,-0.579150579,-0.112335205,98.56952704
82,0.335904027,-0.017384106,0.833184657,-0.482625483,-0.088104248,98.57116069
84,0.349614396,0,0.829616414,-0.530888031,-0.022583008,98.57123323
86,0.345329906,0.009933775,0.822479929,-0.482625483,0.027648926,98.57109124
88,0.341902314,0.030629139,0.834968778,-0.530888031,0.0284729,98.57470819
90,0.358183376,0.037251656,0.82426405,-0.579150579,-0.003295898,98.57936334
92,0.359040274,0.055463576,0.820695807,-0.482625483,-0.032409668,98.58196022
94,0.340188518,0.060430464,0.835860839,-0.579150579,-0.039672852,98.57942701
96,0.355612682,0.05794702,0.825156111,-0.530888031,-0.019439697,98.58118969
98,0.363324764,0.067880795,0.816235504,-0.627413127,0.005706787,98.58378274
100,0.3479006,0.073675497,0.833184657,-0.579150579,0.024017334,98.58464464
102,0.371036847,0.07615894,0.818019625,-0.579150579,0.020965576,98.58786903
104,0.370179949,0.07781457,0.818019625,-0.579150579,0.01449585,98.59213738
106,0.36075407,0.081953642,0.820695807,-0.530888031,0.006103516,98.59351305
108,0.373607541,0.088576159,0.828724353,-0.579150579,0.008392334,98.58870243
110,0.375321337,0.089403974,0.822479929,-0.530888031,0.011901855,98.58554584
112,0.35646958,0.088576159,0.832292596,-0.627413127,0.009033203,98.58081324
114,0.372750643,0.089403974,0.834968778,-0.530888031,0.003112793,98.58516323
116,0.381319623,0.103476821,0.829616414,-0.627413127,-0.003112793,98.5850079
118,0.369323051,0.099337748,0.842105263,-0.530888031,-0.007873535,98.58795576
120,0.378748929,0.092715232,0.845673506,-0.579150579,-0.005340576,98.58752411
122,0.379605827,0.098509934,0.846565566,-0.579150579,-0.003295898,98.58746621
124,0.363324764,0.091887417,0.857270294,-0.579150579,0.000823975,98.58672335
126,0.370179949,0.094370861,0.859054416,-0.627413127,-0.000457764,98.59064107
128,0.391602399,0.105960265,0.85102587,-0.530888031,-0.00189209,98.59438392
130,0.364181662,0.09602649,0.860838537,-0.530888031,-0.00112915,98.59571542
132,0.378748929,0.098509934,0.86529884,-0.530888031,0.00112915,98.59363821
134,0.385604113,0.106788079,0.862622658,-0.482625483,0.004364014,98.591555
136,0.359897172,0.091059603,0.876003568,-0.530888031,0.005340576,98.58901
138,0.377892031,0.100165563,0.872435326,-0.530888031,0.004364014,98.59105348
140,0.377892031,0.105960265,0.883140054,-0.482625483,0.001403809,98.5937996
142,0.36503856,0.099337748,0.895628903,-0.434362934,0.00177002,98.59702613
144,0.380462725,0.101821192,0.902765388,-0.530888031,0.004638672,98.60008803
146,0.387317909,0.104304636,0.900981267,-0.434362934,0.005981445,98.59762574
148,0.371893745,0.110927152,0.910793934,-0.482625483,0.0050354,98.60063074
150,0.381319623,0.110927152,0.917930419,-0.530888031,0.000946045,98.60192782
152,0.405312768,0.118377483,0.914362177,-0.434362934,-0.001586914,98.59924284
154,0.377892031,0.113410596,0.926851026,-0.482625483,0.001312256,98.59805361
156,0.386461011,0.117549669,0.941123996,-0.482625483,0.000366211,98.59758562
158,0.40445587,0.14486755,0.954504906,-0.530888031,0.003814697,98.59759122
160,0.387317909,0.174668874,1.030330062,-0.482625483,0.001312256,98.59799693
162,0.399314482,0.238410596,1.127564674,-0.482625483,0.001586914,98.59644839
164,0.442159383,0.261589404,1.146297948,-0.482625483,0.000823975,98.59436269
166,0.415595544,0.264900662,1.152542373,-0.482625483,0.000549316,98.59639797
168,0.419880034,0.274006623,1.016057092,-0.530888031,0.00177002,98.60073876
170,0.449871465,0.283940397,0.94647636,-0.530888031,0.00579834,98.6016805
172,0.463581834,0.28807947,0.927743087,-0.579150579,0.003295898,98.60261141
174,0.484147386,0.268211921,0.934879572,-0.482625483,0.001708984,98.60499872
176,0.481576692,0.224337748,0.927743087,-0.482625483,0.000762939,98.60372515
178,0.491859469,0.125827815,0.888492417,-0.579150579,0,98.60325786
180,0.488431877,0.101821192,0.93220339,-0.530888031,0.002838135,98.60335161
182,0.401885176,0.081953642,1.008028546,-0.579150579,0.004058838,98.60763872
184,0.354755784,0.059602649,1.02765388,-0.482625483,0.001403809,98.6071466
186,0.357326478,0.052980132,1.042818912,-0.482625483,0.000183105,98.60852095
188,0.369323051,0.052152318,1.052631579,-0.482625483,0.000366211,98.60811459
190,0.346186804,0.051324503,1.060660125,-0.482625483,0.002166748,98.60865233
192,0.349614396,0.050496689,1.079393399,-0.482625483,0.004638672,98.60406466
194,0.358183376,0.055463576,1.078501338,-0.434362934,0.003601074,98.60708668
196,0.34361611,0.06705298,1.09455843,-0.579150579,0.000549316,98.6088018
198,0.345329906,0.065397351,1.101694915,-0.530888031,0,98.60580507
200,0.363324764,0.076986755,1.09455843,-0.579150579,0.000640869,98.60095094
202,0.340188518,0.060430464,1.114183764,-0.530888031,0.004364014,98.6035826
204,0.335047129,0.067880795,1.127564674,-0.530888031,0.00177002,98.60425771
206,0.35218509,0.074503311,1.131132917,-0.482625483,0.004577637,98.60579985
208,0.335047129,0.071192053,1.139161463,-0.530888031,-0.000244141,98.60714726
210,0.3479006,0.090231788,1.156110616,-0.530888031,-0.000244141,98.60949056
212,0.359040274,0.083609272,1.144513827,-0.482625483,-0.001403809,98.61336382
214,0.341045416,0.088576159,1.156110616,-0.530888031,0.000366211,98.61502291
216,0.33933162,0.079470199,1.173059768,-0.386100386,0.002075195,98.61122966
218,0.357326478,0.088576159,1.164139161,-0.530888031,0.007049561,98.61336702
220,0.353898886,0.099337748,1.165923283,-0.434362934,0.004364014,98.61283929
222,0.346186804,0.087748344,1.178412132,-0.482625483,0.002349854,98.61424911
224,0.362467866,0.095198675,1.177520071,-0.530888031,-0.000823975,98.61573807
226,0.351328192,0.091887417,1.181980375,-0.482625483,0.002471924,98.61752183
228,0.353041988,0.094370861,1.200713649,-0.530888031,0.002288818,98.6131101
230,0.36503856,0.110927152,1.177520071,-0.434362934,0.003997803,98.61034964
232,0.35646958,0.100165563,1.185548617,-0.627413127,0.000244141,98.60702945
234,0.349614396,0.115066225,1.212310437,-0.530888031,0.001220703,98.61131474
236,0.357326478,0.193708609,1.195361285,-0.482625483,0.002075195,98.61146705
238,0.227934876,0.410596026,1.786797502,-0.579150579,0.002166748,98.61320069
240,0.269065981,0.574503311,2.060660125,-0.482625483,0.003234863,98.61487869
242,0.705227078,1.482615894,0.776984835,-0.627413127,0.015716553,98.61069331
244,1.334190231,1.623344371,-0.001784121,-0.482625483,-0.034698486,98.60794404
246,1.371893745,0.103476821,-0.672613738,-0.530888031,0.001403809,98.60578593
248,0.942587832,-0.569536424,-0.214094558,-0.482625483,0.09942627,98.60992357
250,0.658954584,-0.54884106,0.438893845,-0.482625483,0.068908691,98.60721459
252,0.480719794,-0.42384106,0.884032114,-0.579150579,-0.185180664,98.60470079
254,0.384747215,-0.292218543,1.033898305,-0.482625483,-0.303131104,98.6064637
256,0.305912596,-0.160596026,1.133809099,-0.530888031,0.337982178,98.6079486
258,0.24764353,-0.150662252,1.205173952,-0.579150579,0.38659668,98.60998537
260,0.257926307,-0.129139073,1.204281891,-0.434362934,-0.212280273,98.61335641
262,0.236503856,-0.131622517,1.209634255,-0.579150579,-0.380889893,98.61562936
264,0.22193659,-0.150662252,1.227475468,-0.434362934,-0.164276123,98.61082371
266,0.232219366,-0.141556291,1.212310437,-0.530888031,0.19052124,98.61166117
268,0.221079692,-0.145695364,1.214986619,-0.530888031,0.423217773,98.61586994
270,0.205655527,-0.153145695,1.217662801,-0.530888031,0.294372559,98.61178672
272,0.221079692,-0.143211921,1.212310437,-0.530888031,-0.071502686,98.61233233
274,0.217652099,-0.145695364,1.206066012,-0.482625483,-0.416931152,98.61664035
276,0.207369323,-0.144039735,1.221231044,-0.482625483,-0.435699463,98.61363488
278,0.222793488,-0.132450331,1.210526316,-0.434362934,-0.189575195,98.61388808
280,0.220222793,-0.137417219,1.213202498,-0.482625483,0.139312744,98.61015547
282,0.203941731,-0.129966887,1.226583408,-0.482625483,0.399200439,98.61264274
284,0.236503856,-0.116721854,1.23015165,-0.482625483,0.431518555,98.61078943
286,0.23479006,-0.112582781,1.237288136,-0.434362934,0.247192383,98.60766117
288,0.216795201,-0.104304636,1.257805531,-0.434362934,-0.046325684,98.61246512
290,0.241645244,-0.096854305,1.261373773,-0.386100386,-0.296264648,98.61459339
292,0.241645244,-0.091059603,1.274754683,-0.530888031,-0.37677002,98.61784989
294,0.23479006,-0.091887417,1.305084746,-0.530888031,-0.251556396,98.61968209
296,0.244215938,-0.111754967,1.316681534,-0.530888031,-0.03326416,98.62157611
298,0.240788346,-0.116721854,1.340767172,-0.579150579,0.156280518,98.62188487
300,0.232219366,-0.148178808,1.37823372,-0.530888031,0.217315674,98.61877341
302,0.245072836,-0.156456954,1.413916146,-0.530888031,0.157226563,98.61870356
304,0.241645244,-0.19205298,1.435325602,-0.530888031,0.052062988,98.61929896
306,0.233933162,-0.220198675,1.475468332,-0.482625483,-0.027526855,98.62258176
308,0.264781491,-0.211092715,1.51382694,-0.530888031,-0.048309326,98.61961045
310,0.286203942,-0.177980132,1.606601249,-0.434362934,-0.027526855,98.61988791
312,0.284490146,-0.16307947,1.670829616,-0.579150579,-0.004455566,98.62296602
314,0.346186804,-0.147350993,1.664585192,-0.434362934,-0.004760742,98.62151707
316,0.347043702,-0.159768212,1.533452275,-0.579150579,-0.016967773,98.62199462
318,0.335904027,-0.151490066,1.429973238,-0.482625483,-0.026184082,98.624169
320,0.378748929,-0.110927152,1.331846566,-0.627413127,-0.022003174,98.62119412
322,0.407026564,-0.113410596,1.290811775,-0.482625483,-0.00112915,98.62263169
324,0.413881748,-0.094370861,1.306868867,-0.627413127,0.013214111,98.61763258
326,0.449871465,-0.073675497,1.300624442,-0.482625483,0.018676758,98.61776435
328,0.470437018,-0.09602649,1.238180196,-0.579150579,0.013793945,98.61846264
330,0.470437018,-0.136589404,1.231043711,-0.530888031,0.007324219,98.61353301
332,0.402742074,-0.124172185,1.288135593,-0.482625483,0.007049561,98.61745773
334,0.378748929,-0.091887417,1.288135593,-0.482625483,0.007049561,98.62078967
336,0.3479006,-0.083609272,1.289919715,-0.482625483,0.011138916,98.62354132
338,0.382176521,-0.041390728,1.288135593,-0.530888031,0.007049561,98.62642268
340,0.369323051,-0.024834437,1.285459411,-0.530888031,0.001983643,98.62515898
342,0.349614396,-0.014900662,1.301516503,-0.530888031,-0.003814697,98.62168209
344,0.364181662,0.014900662,1.300624442,-0.627413127,-0.001983643,98.6202047
346,0.373607541,0.033112583,1.296164139,-0.530888031,-0.005340576,98.62165568
348,0.358183376,0.037251656,1.308652988,-0.579150579,-0.000549316,98.62597504
350,0.362467866,0.065397351,1.307760928,-0.530888031,0.001525879,98.62190825
352,0.379605827,0.081125828,1.31132917,-0.482625483,-0.000183105,98.62429603
354,0.344473008,0.090231788,1.316681534,-0.627413127,-0.000183105,98.61984871
356,0.365895458,0.101821192,1.322033898,-0.530888031,-0.00100708,98.62242029
358,0.376178235,0.114238411,1.316681534,-0.386100386,0.000183105,98.62205518
360,0.351328192,0.11589404,1.32381802,-0.579150579,0.006103516,98.61750523
362,0.371893745,0.125,1.321141838,-0.386100386,0.004638672,98.62092552
364,0.371893745,0.14486755,1.319357716,-0.434362934,0.002746582,98.61757264
366,0.347043702,0.143211921,1.322925959,-0.530888031,0.000762939,98.61372338
368,0.366752356,0.151490066,1.329170384,-0.434362934,0.002166748,98.61143899
370,0.384747215,0.149834437,1.31132917,-0.530888031,-0.001312256,98.60958285
372,0.348757498,0.153145695,1.320249777,-0.482625483,0.003692627,98.61064375
374,0.372750643,0.157284768,1.325602141,-0.482625483,-0.000823975,98.61241841
376,0.383890317,0.166390728,1.318465656,-0.434362934,0.001525879,98.61729484
378,0.367609254,0.163907285,1.327386262,-0.482625483,0.001708984,98.62222744
380,0.382176521,0.167218543,1.32471008,-0.482625483,0.002929688,98.62480281
382,0.391602399,0.166390728,1.319357716,-0.434362934,-6.10352E-05,98.6225534
384,0.378748929,0.161423841,1.32381802,-0.482625483,0.002929688,98.62709354
386,0.384747215,0.177152318,1.32471008,-0.434362934,0.00112915,98.62620436
388,0.383033419,0.177152318,1.319357716,-0.434362934,0.001525879,98.6233706
390,0.387317909,0.179635762,1.315789474,-0.530888031,0.000823975,98.6246619
392,0.375321337,0.184602649,1.320249777,-0.482625483,0.001220703,98.61981059
394,0.405312768,0.199503311,1.314005352,-0.530888031,0.003601074,98.61524359
396,0.381319623,0.193708609,1.316681534,-0.482625483,0.007324219,98.61204621
398,0.40017138,0.206953642,1.315789474,-0.482625483,0.001983643,98.60905086
400,0.424164524,0.218543046,1.31132917,-0.434362934,-0.000823975,98.61124443
402,0.386461011,0.213576159,1.315789474,-0.482625483,6.10352E-05,98.61067311
404,0.389031705,0.216887417,1.315789474,-0.482625483,0.004577637,98.61412804
406,0.425021422,0.219370861,1.305084746,-0.482625483,0.003997803,98.61302594
408,0.398457584,0.219370861,1.314897413,-0.434362934,0.001525879,98.61640146
410,0.40017138,0.222682119,1.322925959,-0.482625483,-0.002075195,98.61888565
412,0.424164524,0.229304636,1.313113292,-0.482625483,-0.00189209,98.61972426
414,0.413881748,0.224337748,1.314005352,-0.482625483,0.000457764,98.61632999
416,0.402742074,0.213576159,1.319357716,-0.530888031,0.002288818,98.61661839
418,0.426735219,0.224337748,1.313113292,-0.434362934,0.00100708,98.6162451
420,0.395886889,0.224337748,1.317573595,-0.530888031,0.006164551,98.61504054
422,0.410454156,0.23013245,1.330954505,-0.482625483,0.006469727,98.61097284
424,0.438731791,0.235927152,1.320249777,-0.482625483,0.001983643,98.6085643
426,0.401028278,0.224337748,1.321141838,-0.530888031,0,98.60692266
428,0.407026564,0.224337748,1.326494202,-0.579150579,0.001220703,98.60567378
430,0.428449015,0.238410596,1.327386262,-0.530888031,0.00100708,98.60213638
432,0.402742074,0.22102649,1.336306869,-0.530888031,0.006561279,98.60030408
434,0.40874036,0.226821192,1.33719893,-0.530888031,0.003875732,98.59811633
436,0.427592117,0.224337748,1.328278323,-0.530888031,0.00189209,98.60131757
438,0.401885176,0.219370861,1.350579839,-0.530888031,0.002838135,98.59973847
440,0.418166238,0.204470199,1.340767172,-0.579150579,0.003692627,98.60345849
442,0.428449015,0.214403974,1.343443354,-0.482625483,0.000457764,98.60113878
444,0.42159383,0.213576159,1.347011597,-0.579150579,-0.000762939,98.6038931
446,0.410454156,0.206953642,1.355932203,-0.530888031,-0.000946045,98.60498519
448,0.433590403,0.20281457,1.340767172,-0.482625483,0.003234863,98.60016488
450,0.407026564,0.206953642,1.354148082,-0.530888031,0.004364014,98.60217999
452,0.409597258,0.231788079,1.386262266,-0.434362934,0.003295898,98.59733752
454,0.454155955,0.27897351,1.454950937,-0.482625483,0.001983643,98.59917645
456,0.416452442,0.323675497,1.524531668,-0.482625483,0.00112915,98.60295546
458,0.444730077,0.333609272,1.559322034,-0.482625483,0.003601074,98.60227352
460,0.447300771,0.338576159,1.528099911,-0.482625483,0.003234863,98.60358695
462,0.436161097,0.364238411,1.395182872,-0.482625483,0.000457764,98.60444736
464,0.448157669,0.359271523,1.33809099,-0.530888031,0.00177002,98.60172147
466,0.493573265,0.357615894,1.307760928,-0.434362934,0.002166748,98.60456802
468,0.490145673,0.336092715,1.321141838,-0.434362934,0.005126953,98.60244438
470,0.491859469,0.302152318,1.319357716,-0.434362934,0.003051758,98.60668814
472,0.550985433,0.218543046,1.252453167,-0.482625483,0.000640869,98.60467289
474,0.504712939,0.189569536,1.298840321,-0.434362934,0.001586914,98.60503592
476,0.412167952,0.174668874,1.377341659,-0.434362934,0.002075195,98.6033724
478,0.431019709,0.151490066,1.361284567,-0.434362934,0.005981445,98.60074534
480,0.393316195,0.132450331,1.371989295,-0.482625483,0.002532959,98.60119773
482,0.380462725,0.135761589,1.396966994,-0.482625483,0.000183105,98.59727459
484,0.396743787,0.140728477,1.39250669,-0.530888031,0.000823975,98.59364614
486,0.386461011,0.145695364,1.39250669,-0.482625483,0.001312256,98.58959041
488,0.386461011,0.138245033,1.407671722,-0.579150579,0.001525879,98.58769925
490,0.411311054,0.156456954,1.399643176,-0.482625483,0.003112793,98.59082561
492,0.398457584,0.156456954,1.394290812,-0.579150579,0.002471924,98.59096119
494,0.383890317,0.13410596,1.402319358,-0.530888031,0.003112793,98.59462595
496,0.412167952,0.159768212,1.414808207,-0.530888031,0.000183105,98.59943083
498,0.396743787,0.197019868,1.396074933,-0.530888031,0,98.59769735
500,0.273350471,0.390728477,1.884924175,-0.530888031,0.003295898,98.59489352
502,0.269922879,0.530629139,2.497769848,-0.530888031,0.004943848,98.59507576
504,0.623821765,1.287251656,1.305976806,-0.530888031,0.002655029,98.59360582
506,1.245072836,1.861754967,0.080285459,-0.530888031,0.002075195,98.59720059
508,1.583547558,0.378311258,-0.687778769,-0.530888031,0.001312256,98.5948008
510,1.058269066,-0.475165563,-0.290811775,-0.579150579,0.002655029,98.59823801
512,0.748928877,-0.504139073,0.509366637,-0.579150579,0.002838135,98.59906602
514,0.580976864,-0.40397351,0.991971454,-0.579150579,0.003692627,98.60126008
516,0.457583548,-0.280629139,1.195361285,-0.579150579,0.000823975,98.59969531
518,0.35646958,-0.137417219,1.322033898,-0.627413127,0.000183105,98.59478805
520,0.330762639,-0.066225166,1.384478145,-0.675675676,-0.000244141,98.59171252
522,0.310197087,-0.050496689,1.393398751,-0.579150579,0,98.5917864
524,0.296486718,-0.06705298,1.410347904,-0.675675676,6.10352E-05,98.58702882
526,0.305912596,-0.055463576,1.412132025,-0.579150579,0.003295898,98.58752923
528,0.293916024,-0.052152318,1.404103479,-0.627413127,0.002166748,98.58529107
530,0.272493573,-0.064569536,1.417484389,-0.579150579,0.003295898,98.58725348
532,0.311910883,-0.043874172,1.398751115,-0.482625483,0.002746582,98.59106701
534,0.28706084,-0.045529801,1.403211418,-0.530888031,0.00112915,98.58631382
536,0.269065981,-0.046357616,1.410347904,-0.482625483,0.00112915,98.58472589
538,0.296486718,-0.038907285,1.40499554,-0.530888031,0.003692627,98.58393995
540,0.285347044,-0.049668874,1.407671722,-0.482625483,0.00177002,98.57974006
542,0.263924593,-0.040562914,1.424620874,-0.530888031,0.001983643,98.5755336
544,0.286203942,-0.039735099,1.428189117,-0.482625483,-0.000244141,98.57125736
546,0.299057412,-0.023178808,1.43264942,-0.434362934,0.001983643,98.57526077
548,0.273350471,-0.019039735,1.467439786,-0.482625483,0.002288818,98.57995385
550,0.294772922,-0.025662252,1.470115968,-0.530888031,0.002655029,98.57886692
552,0.3041988,-0.006622517,1.479036574,-0.482625483,0.00112915,98.57700277
554,0.292202228,-0.012417219,1.515611062,-0.386100386,0.002838135,98.57753591
556,0.294772922,-0.00910596,1.54058876,-0.482625483,0.003234863,98.58045639
558,0.294772922,-0.010761589,1.561998216,-0.434362934,0.004180908,98.58343953
560,0.280205656,-0.033112583,1.584299732,-0.434362934,0.00177002,98.58707211
562,0.3041988,-0.043046358,1.611953613,-0.482625483,0.003875732,98.59005174
564,0.300771208,-0.059602649,1.642283675,-0.386100386,0.001708984,98.5851155
566,0.29991431,-0.082781457,1.680642284,-0.434362934,0.001220703,98.58931451
568,0.315338475,-0.117549669,1.705619982,-0.434362934,0.001312256,98.58449414
570,0.302485004,-0.150662252,1.714540589,-0.482625483,0.003692627,98.5797883
572,0.299057412,-0.176324503,1.742194469,-0.386100386,0.003234863,98.58190282
574,0.321336761,-0.183774834,1.732381802,-0.482625483,0.00177002,98.58228696
576,0.344473008,-0.192880795,1.723461195,-0.530888031,0.00112915,98.58253285
578,0.330762639,-0.203642384,1.71632471,-0.482625483,0.003509521,98.58255525
580,0.353898886,-0.195364238,1.698483497,-0.579150579,0.016967773,98.57821197
582,0.365895458,-0.189569536,1.670829616,-0.482625483,-0.02822876,98.57551238
584,0.361610968,-0.166390728,1.6485281,-0.579150579,-0.067016602,98.57168278
586,0.388174807,-0.146523179,1.615521855,-0.530888031,0.170318604,98.57658049
588,0.395886889,-0.119205298,1.59500446,-0.530888031,0.16784668,98.57228566
590,0.378748929,-0.091887417,1.572702944,-0.579150579,-0.180053711,98.56788589
592,0.384747215,-0.074503311,1.552185549,-0.482625483,-0.641235352,98.56950167
594,0.389031705,-0.034768212,1.536128457,-0.579150579,0.165802002,98.56794224
596,0.36503856,-0.006622517,1.524531668,-0.530888031,0.725036621,98.56422738
598,0.372750643,0.024834437,1.523639607,-0.627413127,0.101074219,98.56559873
600,0.383890317,0.058774834,1.512042819,-0.579150579,-0.354248047,98.56806361
602,0.36503856,0.132450331,1.598572703,-0.627413127,-0.72555542,98.57111629
604,0.368466153,0.180463576,1.655664585,-0.627413127,-0.121368408,98.56880656
606,0.395886889,0.232615894,1.690454951,-0.675675676,0.445922852,98.56814636
608,0.374464439,0.251655629,1.636039251,-0.627413127,0.615112305,98.56716442
610,0.355612682,0.253311258,1.512042819,-0.627413127,0.310211182,98.56824585
612,0.373607541,0.283112583,1.460303301,-0.579150579,0.104705811,98.57094672
614,0.372750643,0.302152318,1.413024086,-0.627413127,-0.424438477,98.57535796
616,0.387317909,0.296357616,1.421944692,-0.530888031,-0.609954834,98.57167261
618,0.398457584,0.283112583,1.437109723,-0.482625483,-0.430847168,98.56922983
620,0.411311054,0.244205298,1.413916146,-0.482625483,-0.073120117,98.56801294
622,0.432733505,0.187913907,1.394290812,-0.530888031,0.305053711,98.5729503
624,0.435304199,0.185430464,1.420160571,-0.530888031,0.578369141,98.57135981
626,0.333333333,0.184602649,1.497769848,-0.530888031,0.563049316,98.57535533
628,0.330762639,0.196192053,1.497769848,-0.579150579,0.254516602,98.57273015
630,0.329048843,0.181291391,1.48706512,-0.530888031,-0.188446045,98.56993016
632,0.309340189,0.183774834,1.504014273,-0.530888031,-0.496368408,98.57484092
634,0.316195373,0.196192053,1.51293488,-0.530888031,-0.668121338,98.57935197
636,0.327335047,0.196192053,1.504906334,-0.530888031,-0.191558838,98.58073414
638,0.303341902,0.190397351,1.520963426,-0.434362934,-0.077056885,98.58077545
640,0.317052271,0.193708609,1.518287244,-0.530888031,0.304962158,98.57935663
642,0.329048843,0.203642384,1.512042819,-0.434362934,0.262054443,98.58204116
644,0.30848329,0.209437086,1.520963426,-0.482625483,0.22277832,98.58488478
646,0.319622965,0.21192053,1.529884032,-0.434362934,0.09753418,98.58017397
648,0.327335047,0.223509934,1.528099911,-0.386100386,-0.044311523,98.57569838
650,0.311910883,0.229304636,1.533452275,-0.434362934,-0.116210938,98.57393257
652,0.316195373,0.230960265,1.548617306,-0.386100386,-0.09085083,98.57692943
654,0.325621251,0.230960265,1.535236396,-0.386100386,-0.022369385,98.57823173
656,0.306769494,0.226821192,1.54058876,-0.482625483,0.027832031,98.58305971
658,0.321336761,0.235099338,1.546833185,-0.386100386,0.030212402,98.5796422
660,0.325621251,0.237582781,1.542372881,-0.386100386,-0.00100708,98.58080897
662,0.306769494,0.232615894,1.546833185,-0.434362934,-0.030883789,98.57889614
664,0.305055698,0.225993377,1.547725245,-0.434362934,-0.039367676,98.57474692
666,0.323050557,0.237582781,1.539696699,-0.434362934,-0.019897461,98.57851522
668,0.297343616,0.228476821,1.538804639,-0.434362934,0.007049561,98.57942223
670,0.293916024,0.226821192,1.543264942,-0.482625483,0.021057129,98.57745347
672,0.315338475,0.239238411,1.532560214,-0.530888031,0.022125244,98.57413417
674,0.296486718,0.238410596,1.538804639,-0.482625483,0.012084961,98.57253293
676,0.29991431,0.243377483,1.536128457,-0.579150579,0.006866455,98.5682074
678,0.306769494,0.245033113,1.525423729,-0.482625483,0.008575439,98.56974229
680,0.29562982,0.246688742,1.520963426,-0.627413127,0.012268066,98.56718515
682,0.293059126,0.241721854,1.528099911,-0.530888031,0.010925293,98.56976433
684,0.3041988,0.251655629,1.51293488,-0.579150579,0.003997803,98.56775447
686,0.294772922,0.248344371,1.517395183,-0.579150579,-0.003112793,98.56694263
688,0.289631534,0.25,1.518287244,-0.579150579,-0.006469727,98.56250095
690,0.305055698,0.253311258,1.506690455,-0.530888031,-0.004272461,98.55780951
692,0.281919452,0.248344371,1.51293488,-0.627413127,-0.001403809,98.55467531
694,0.279348757,0.243377483,1.516503122,-0.579150579,-0.001220703,98.55238437
696,0.296486718,0.252483444,1.507582516,-0.627413127,0.001403809,98.5480468
698,0.28277635,0.255794702,1.515611062,-0.579150579,-0.000823975,98.54638174
700,0.28277635,0.260761589,1.528991971,-0.675675676,0.002288818,98.5418808
702,0.298200514,0.265728477,1.522747547,-0.579150579,0.001708984,98.53789388
704,0.279348757,0.269039735,1.524531668,-0.530888031,0.004180908,98.53361258
706,0.272493573,0.267384106,1.536128457,-0.579150579,0.002349854,98.53765771
708,0.284490146,0.267384106,1.531668153,-0.434362934,0.003417969,98.53577569
710,0.270779777,0.266556291,1.536128457,-0.579150579,0.003814697,98.53669338
712,0.267352185,0.268211921,1.552185549,-0.579150579,0.002166748,98.53546963
714,0.272493573,0.26986755,1.545049063,-0.482625483,0.004180908,98.53998527
716,0.251928021,0.265728477,1.551293488,-0.627413127,0.003601074,98.54240922
718,0.244215938,0.264900662,1.561106155,-0.482625483,0.001220703,98.54628015
720,0.252784919,0.274834437,1.558429973,-0.434362934,0.001312256,98.54726911
722,0.240788346,0.273178808,1.561106155,-0.434362934,0.000549316,98.54916541
724,0.22193659,0.274006623,1.573595004,-0.434362934,0.003509521,98.54807658
726,0.228791774,0.276490066,1.566458519,-0.482625483,0.00177002,98.54530931
728,0.214224507,0.276490066,1.570918822,-0.482625483,0.004577637,98.54162191
730,0.193658955,0.268211921,1.582515611,-0.530888031,0.00100708,98.5383467
732,0.209083119,0.276490066,1.572702944,-0.434362934,0.001586914,98.54273268
734,0.187660668,0.275662252,1.58073149,-0.530888031,-0.002075195,98.5380775
736,0.171379606,0.275662252,1.586975914,-0.386100386,0.00112915,98.54187307
738,0.179948586,0.276490066,1.584299732,-0.434362934,0.003112793,98.54209634
740,0.159383033,0.271523179,1.589652096,-0.434362934,0.001403809,98.54517881
742,0.135389889,0.271523179,1.603033006,-0.482625483,0.002166748,98.54465461
744,0.149100257,0.316225166,1.642283675,-0.337837838,0.003601074,98.54312
746,0.119965724,0.368377483,1.735057984,-0.434362934,0.004180908,98.54569151
748,0.120822622,0.401490066,1.787689563,-0.482625483,0.002075195,98.54429364
750,0.12596401,0.386589404,1.79750223,-0.482625483,0.004455566,98.5448597
752,0.093401885,0.392384106,1.66190901,-0.482625483,0.002471924,98.54874692
754,0.095972579,0.44205298,1.603033006,-0.482625483,-0.000244141,98.55214856
756,0.114824336,0.43294702,1.570918822,-0.482625483,-6.10352E-05,98.54958883
758,0.1302485,0.438741722,1.549509367,-0.530888031,-6.10352E-05,98.54894501
760,0.11311054,0.412251656,1.565566459,-0.386100386,0.002838135,98.55223054
762,0.095115681,0.481788079,1.631578947,-0.530888031,0.004180908,98.54875757
764,-0.002570694,0.596854305,2.398751115,-0.434362934,0.006286621,98.55133711
766,0.066838046,0.909768212,2.144513827,-0.530888031,0.001403809,98.5551022
768,0.525278492,1.882450331,0.63514719,-0.530888031,0.003051758,98.55512343
770,1.075407027,1.216887417,-0.073148974,-0.482625483,0.000762939,98.5558261
772,0.775492716,-0.108443709,-0.455842997,-0.627413127,-0.000244141,98.55934092
774,0.453299057,-0.42384106,0.435325602,-0.530888031,0.002838135,98.56418735
776,0.199657241,-0.392384106,0.995539697,-0.627413127,0.003875732,98.56708948
778,0.035132819,-0.267384106,1.362176628,-0.723938224,0.002746582,98.56559631
780,-0.077977721,-0.119205298,1.532560214,-0.482625483,0.001586914,98.56561536
782,-0.149100257,-0.031456954,1.592328278,-0.675675676,0.001312256,98.56316748
784,-0.208226221,-0.046357616,1.6485281,-0.530888031,0.001220703,98.5632662
786,-0.218508997,-0.034768212,1.666369313,-0.627413127,0.001525879,98.5590524
788,-0.232219366,-0.033940397,1.654772525,-0.627413127,0.002349854,98.55461139
790,-0.261353899,-0.039735099,1.682426405,-0.482625483,0.002838135,98.55596127
792,-0.257069409,-0.038907285,1.681534344,-0.579150579,0.001220703,98.5571303
794,-0.276778063,-0.028145695,1.67618198,-0.482625483,0.00177002,98.55294504
796,-0.307626392,-0.038907285,1.687778769,-0.579150579,0.000823975,98.55404024
798,-0.29562982,-0.023178808,1.690454951,-0.530888031,0.004638672,98.55448695
800,-0.307626392,-0.017384106,1.685102587,-0.530888031,0.004577637,98.55804617
802,-0.330762639,-0.017384106,1.692239072,-0.579150579,0.004364014,98.55947306
804,-0.321336761,-0.012417219,1.692239072,-0.434362934,0.001403809,98.55718939
806,-0.323050557,-0.003311258,1.691347012,-0.482625483,6.10352E-05,98.5532569
808,-0.335047129,0.004966887,1.7029438,-0.434362934,0.002166748,98.54886203
810,-0.324764353,0.008278146,1.707404103,-0.434362934,0.003875732,98.55008086
812,-0.329905741,0.021523179,1.717216771,-0.482625483,0.013977051,98.55207156
814,-0.35218509,0.019039735,1.727029438,-0.482625483,-0.03012085,98.54982096
816,-0.340188518,0.029801325,1.738626227,-0.482625483,-0.005340576,98.54904065
818,-0.357326478,0.014072848,1.747546833,-0.386100386,0.097076416,98.54769888
820,-0.389888603,0.024006623,1.781445138,-0.482625483,0.074066162,98.54352047
822,-0.375321337,0.013245033,1.799286351,-0.434362934,-0.16885376,98.53921817
824,-0.386461011,-0.005794702,1.818019625,-0.482625483,-0.317077637,98.53542706
826,-0.427592117,-0.030629139,1.871543265,-0.434362934,0.310699463,98.53720559
828,-0.41302485,-0.050496689,1.897413024,-0.434362934,0.39642334,98.53439496
830,-0.413881748,-0.069536424,1.928635147,-0.386100386,-0.182220459,98.53176775
832,-0.431019709,-0.091059603,1.963425513,-0.482625483,-0.38269043,98.5268541
834,-0.418166238,-0.110927152,1.971454059,-0.434362934,-0.177825928,98.52912521
836,-0.414738646,-0.125,1.971454059,-0.530888031,0.167327881,98.52973556
838,-0.424164524,-0.146523179,1.97234612,-0.386100386,0.417510986,98.53025528
840,-0.418166238,-0.149006623,1.966993756,-0.482625483,0.305419922,98.53267782
842,-0.380462725,-0.13410596,1.941123996,-0.434362934,-0.049468994,98.53592415
844,-0.399314482,-0.138245033,1.927743087,-0.530888031,-0.401550293,98.5348581
846,-0.371893745,-0.108443709,1.893844781,-0.434362934,-0.441436768,98.53121753
848,-0.362467866,-0.087748344,1.853702052,-0.482625483,-0.207763672,98.52817496
850,-0.384747215,-0.072847682,1.828724353,-0.482625483,0.124237061,98.53037796
852,-0.371893745,-0.043874172,1.804638715,-0.482625483,0.388336182,98.53207431
854,-0.365895458,-0.017384106,1.762711864,-0.482625483,0.432006836,98.5276728
856,-0.40445587,-0.009933775,1.752007136,-0.482625483,0.25680542,98.52651557
858,-0.395029991,0.026490066,1.724353256,-0.530888031,-0.027069092,98.52642793
860,-0.402742074,0.050496689,1.707404103,-0.579150579,-0.2862854,98.52916955
862,-0.438731791,0.071192053,1.700267618,-0.579150579,-0.374603271,98.52564766
864,-0.447300771,0.085264901,1.692239072,-0.627413127,-0.262817383,98.525503
866,-0.443873179,0.113410596,1.677074041,-0.579150579,-0.044250488,98.52122135
868,-0.479005998,0.134933775,1.685102587,-0.627413127,0.147796631,98.52409578
870,-0.48243359,0.148178808,1.677074041,-0.579150579,0.219512939,98.5230331
872,-0.47386461,0.168874172,1.673505798,-0.579150579,0.16192627,98.52039472
874,-0.496143959,0.185430464,1.679750223,-0.530888031,0.057769775,98.51620039
876,-0.488431877,0.20281457,1.683318466,-0.579150579,-0.023834229,98.51199044
878,-0.481576692,0.21192053,1.677966102,-0.434362934,-0.04699707,98.51626473
880,-0.509854327,0.219370861,1.681534344,-0.579150579,-0.02935791,98.51331188
882,-0.502999143,0.234271523,1.685102587,-0.530888031,-0.007873535,98.51787769
884,-0.497857755,0.24089404,1.669937556,-0.579150579,-0.006561279,98.51627511
886,-0.523564696,0.233443709,1.681534344,-0.530888031,-0.016571045,98.52087477
888,-0.51756641,0.235099338,1.687778769,-0.482625483,-0.02923584,98.51930623
890,-0.497000857,0.249172185,1.679750223,-0.530888031,-0.021148682,98.51494046
892,-0.52613539,0.269039735,1.704727921,-0.434362934,-0.003295898,98.51606519
894,-0.524421594,0.312086093,1.799286351,-0.482625483,0.013793945,98.51662133
896,-0.497000857,0.348509934,1.843889384,-0.482625483,0.014373779,98.52068583
898,-0.499571551,0.359271523,1.876895629,-0.482625483,0.011810303,98.51769808
900,-0.519280206,0.365066225,1.852809991,-0.530888031,0.006347656,98.52057502
902,-0.494430163,0.399006623,1.694915254,-0.434362934,0.006744385,98.51905221
904,-0.497857755,0.400662252,1.644959857,-0.579150579,0.008636475,98.52377372
906,-0.471293916,0.393211921,1.622658341,-0.482625483,0.010375977,98.52713424
908,-0.455012853,0.378311258,1.625334523,-0.482625483,0.00579834,98.5292523
910,-0.45672665,0.342715232,1.617305977,-0.434362934,0.00177002,98.52640129
912,-0.428449015,0.238410596,1.570026762,-0.386100386,-0.001708984,98.52155577
914,-0.459297344,0.243377483,1.625334523,-0.482625483,-0.003051758,98.5186562
916,-0.549271637,0.206125828,1.681534344,-0.386100386,-0.002838135,98.51902089
918,-0.571550985,0.176324503,1.680642284,-0.530888031,0.00112915,98.51510547
920,-0.529562982,0.197847682,1.681534344,-0.434362934,-0.002655029,98.51864309
922,-0.564695801,0.189569536,1.700267618,-0.482625483,-0.001586914,98.5227516
924,-0.570694087,0.185430464,1.695807315,-0.530888031,0.000823975,98.52108885
926,-0.556126821,0.185430464,1.704727921,-0.386100386,0.00112915,98.52078028
928,-0.583547558,0.178807947,1.706512043,-0.434362934,0.005401611,98.51580925
930,-0.57412168,0.183774834,1.710080285,-0.579150579,0.004821777,98.51391833
932,-0.560411311,0.197847682,1.691347012,-0.434362934,0.002746582,98.51377056
934,-0.576692374,0.191225166,1.703835861,-0.482625483,0.000457764,98.51139221
936,-0.581833762,0.20115894,1.714540589,-0.482625483,0.003234863,98.51322333
938,-0.562982005,0.207781457,1.707404103,-0.386100386,0.003875732,98.51733519
940,-0.58697515,0.209437086,1.707404103,-0.482625483,0.006286621,98.5180402
942,-0.59125964,0.204470199,1.719892953,-0.386100386,0.003875732,98.51569298
944,-0.580119966,0.208609272,1.714540589,-0.579150579,0.000244141,98.5199777
946,-0.59125964,0.220198675,1.703835861,-0.482625483,6.10352E-05,98.51562015
948,-0.597257926,0.225165563,1.711864407,-0.530888031,0.001312256,98.51688316
950,-0.575835476,0.23013245,1.697591436,-0.579150579,0.001403809,98.52136595
952,-0.594687232,0.224337748,1.694023194,-0.434362934,0.004180908,98.52152988
954,-0.598971722,0.223509934,1.690454951,-0.627413127,0.004638672,98.52609692
956,-0.571550985,0.238410596,1.67528992,-0.530888031,0.003112793,98.52381713
958,-0.603256213,0.232615894,1.668153434,-0.627413127,-0.000549316,98.52408703
960,-0.606683805,0.242549669,1.671721677,-0.579150579,0.000549316,98.52819896
962,-0.596401028,0.243377483,1.6485281,-0.530888031,-0.000640869,98.52534581
964,-0.620394173,0.247516556,1.645851918,-0.530888031,0.003051758,98.52861366
966,-0.632390746,0.248344371,1.642283675,-0.579150579,0.005584717,98.52499694
968,-0.628106255,0.258278146,1.628902765,-0.530888031,0.003234863,98.52437445
970,-0.65638389,0.257450331,1.619090098,-0.579150579,-0.000640869,98.52812728
972,-0.66066838,0.262417219,1.614629795,-0.530888031,0.001586914,98.5301704
974,-0.640102828,0.274006623,1.593220339,-0.579150579,0.004058838,98.53014063
976,-0.680377035,0.285596026,1.587867975,-0.434362934,0.005584717,98.53123659
978,-0.696658098,0.275662252,1.58162355,-0.579150579,0.00112915,98.52701488
980,-0.685518423,0.293046358,1.559322034,-0.530888031,0.000244141,98.52442921
982,-0.711225364,0.294701987,1.542372881,-0.482625483,-0.001983643,98.51968705
984,-0.721508141,0.302152318,1.54058876,-0.530888031,0.000946045,98.52315182
986,-0.713796058,0.312086093,1.520963426,-0.530888031,0.00100708,98.51830044
988,-0.742073693,0.313741722,1.501338091,-0.530888031,-0.000183105,98.5188046
990,-0.762639246,0.319536424,1.494201606,-0.434362934,0.00112915,98.51500132
992,-0.76092545,0.319536424,1.45941124,-0.530888031,0.001403809,98.51588081
994,-0.782347901,0.317880795,1.429081178,-0.434362934,0.001983643,98.51710292
996,-0.810625536,0.312913907,1.404103479,-0.530888031,0.003417969,98.51957309
998,-0.81319623,0.314569536,1.367528992,-0.434362934,0.002288818,98.51767237
1000,-0.842330763,0.312086093,1.336306869,-0.482625483,0.004364014,98.52183741
1002,-0.877463582,0.29884106,1.318465656,-0.482625483,0.004180908,98.52466007
1004,-0.880034276,0.29884106,1.284567351,-0.579150579,0.000823975,98.52067054
1006,-0.905741217,0.303807947,1.237288136,-0.530888031,0.000946045,98.51848159
1008,-0.924592973,0.304635762,1.217662801,-0.530888031,0.003601074,98.52255664
1010,-0.915167095,0.304635762,1.171275647,-0.482625483,0.005340576,98.51866751
1012,-0.94344473,0.309602649,1.125780553,-0.482625483,0.0050354,98.52156571
1014,-0.971722365,0.299668874,1.090990187,-0.530888031,-0.000183105,98.5175885
1016,-0.961439589,0.306291391,1.059768064,-0.530888031,-0.002349854,98.52026794
1018,-0.980291345,0.305463576,1.006244425,-0.434362934,-0.00177002,98.5218885
1020,-1.001713796,0.298013245,0.976806423,-0.482625483,0.001312256,98.52461948
1022,-0.999143102,0.306291391,0.934879572,-0.482625483,0.002532959,98.52893929
1024,-1.023993145,0.363410596,0.884032114,-0.434362934,0.002929688,98.52570813
1026,-1.157669237,0.595198675,1.342551293,-0.530888031,0.003295898,98.52091235
1028,-1.137103685,0.756622517,1.678858162,-0.482625483,0.001525879,98.52424874
1030,-0.763496144,1.604304636,0.462979483,-0.579150579,0.000946045,98.52398068
1032,-0.167095116,1.823675497,-0.394290812,-0.627413127,0.002075195,98.52006714
1034,-0.046272494,0.419701987,-0.681534344,-0.482625483,0.00112915,98.51595768
1036,-0.510711225,-0.313741722,-0.623550401,-0.675675676,0.004272461,98.51210898
1038,-0.790059983,-0.245860927,-0.020517395,-0.482625483,-0.000366211,98.50878871
1040,-0.931448158,-0.114238411,0.370205174,-0.530888031,0.003997803,98.51351381
1042,-1.075407027,-0.004966887,0.479928635,-0.482625483,0.002746582,98.51137385
1044,-1.176520994,0.14486755,0.396966994,-0.579150579,0.004364014,98.51236409
1046,-1.192802057,0.16307947,0.339875112,-0.482625483,0.00189209,98.51588618
1048,-1.203084833,0.154801325,0.268510259,-0.482625483,0.004180908,98.51333403
1050,-1.208226221,0.132450331,0.252453167,-0.530888031,0.00100708,98.51560571
1052,-1.190231362,0.107615894,0.198929527,-0.579150579,0.002075195,98.51461362
1054,-1.16966581,0.024006623,0.092774309,-0.530888031,0.000762939,98.51271962
1056,-1.215081405,-0.015728477,0.090098127,-0.627413127,0.003875732,98.51425761
1058,-1.279348757,-0.031456954,0.093666369,-0.627413127,0.003051758,98.51317587
1060,-1.293916024,-0.04718543,0.044603033,-0.579150579,0.003601074,98.50936923
1062,-1.318766067,-0.081953642,0.011596789,-0.579150579,0.001525879,98.51415461
1064,-1.298200514,-0.075331126,-0.02676182,-0.482625483,0.002166748,98.51433713
1066,-1.298200514,-0.078642384,-0.074933095,-0.579150579,0.000366211,98.51441481
1068,-1.305055698,-0.081953642,-0.104371097,-0.482625483,0.00189209,98.51266503
1070,-1.279348757,-0.084437086,-0.14808207,-0.482625483,0.002655029,98.50963775
1072,-1.268209083,-0.090231788,-0.187332739,-0.530888031,0.003692627,98.51326668
1074,-1.263924593,-0.087748344,-0.21587868,-0.482625483,0.002471924,98.51094536
1076,-1.224507284,-0.085264901,-0.251561106,-0.530888031,0.000366211,98.51133217
1078,-1.204798629,-0.086092715,-0.291703836,-0.482625483,-0.000457764,98.51184682
1080,-1.209083119,-0.101821192,-0.305084746,-0.482625483,0.002929688,98.51647939
1082,-1.166238218,-0.101821192,-0.32471008,-0.530888031,0.004577637,98.51417515
1084,-1.151670951,-0.108443709,-0.352363961,-0.337837838,0.003875732,98.51183233
1086,-1.156812339,-0.136589404,-0.367528992,-0.579150579,0.000640869,98.50993222
1088,-1.119108826,-0.155629139,-0.377341659,-0.337837838,0.001586914,98.5105052
1090,-1.092544987,-0.176324503,-0.396966994,-0.482625483,0.002349854,98.50928709
1092,-1.089117395,-0.20281457,-0.396074933,-0.434362934,0.00112915,98.50674474
1094,-1.051413882,-0.233443709,-0.413024086,-0.482625483,0.000640869,98.50850654
1096,-1.013710368,-0.247516556,-0.449598573,-0.434362934,0.002838135,98.50611948
1098,-1.003427592,-0.26986755,-0.473684211,-0.482625483,0.003601074,98.51073434
1100,-0.946015424,-0.281456954,-0.510258698,-0.482625483,0.001525879,98.51071011
1102,-0.904884319,-0.29884106,-0.565566459,-0.530888031,0.001708984,98.50998783
1104,-0.8697515,-0.300496689,-0.601248885,-0.434362934,6.10352E-05,98.51066575
1106,-0.808054841,-0.301324503,-0.660124888,-0.627413127,0.000823975,98.51179614
1108,-0.770351328,-0.308774834,-0.670829616,-0.434362934,0.004577637,98.51486607
1110,-0.791773779,-0.329470199,-0.67528992,-0.530888031,0.00189209,98.5186739
1112,-0.747215081,-0.315397351,-0.67618198,-0.579150579,-0.000762939,98.51527369
1114,-0.706083976,-0.315397351,-0.672613738,-0.482625483,0.00112915,98.51116546
1116,-0.702656384,-0.299668874,-0.67618198,-0.627413127,0.001312256,98.5092968
1118,-0.648671808,-0.26986755,-0.67618198,-0.434362934,0.006164551,98.51037033
1120,-0.619537275,-0.25,-0.67618198,-0.579150579,0.001220703,98.50915771
1122,-0.626392459,-0.246688742,-0.677074041,-0.627413127,0.00100708,98.51341314
1124,-0.590402742,-0.222682119,-0.67618198,-0.482625483,0.00100708,98.50898328
1126,-0.568980291,-0.210264901,-0.677074041,-0.579150579,0.002746582,98.51392344
1128,-0.542416452,-0.195364238,-0.677074041,-0.530888031,0.002532959,98.51559302
1130,-0.511568123,-0.180463576,-0.677966102,-0.579150579,0.001312256,98.51676452
1132,-0.45672665,-0.159768212,-0.678858162,-0.579150579,0.00189209,98.51324337
1134,-0.450728363,-0.147350993,-0.677966102,-0.530888031,0.000457764,98.50853334
1136,-0.414738646,-0.139900662,-0.678858162,-0.530888031,0.001525879,98.50925804
1138,-0.374464439,-0.133278146,-0.678858162,-0.482625483,0.003601074,98.50455785
1140,-0.35646958,-0.129139073,-0.678858162,-0.530888031,0.00177002,98.50667319
1142,-0.317909169,-0.123344371,-0.679750223,-0.530888031,0.003997803,98.50381358
1144,-0.289631534,-0.125,-0.678858162,-0.482625483,0.001403809,98.50136545
1146,-0.283633248,-0.13410596,-0.678858162,-0.530888031,0.001586914,98.50595138
1148,-0.236503856,-0.135761589,-0.678858162,-0.530888031,0,98.50277028
1150,-0.200514139,-0.134933775,-0.678858162,-0.482625483,0.01373291,98.50575485
1152,-0.185946872,-0.148178808,-0.678858162,-0.579150579,-0.018371582,98.50115528
1154,-0.157669237,-0.15397351,-0.678858162,-0.434362934,-0.094604492,98.49924687
1156,-0.119108826,-0.159768212,-0.678858162,-0.530888031,0.156463623,98.50391779
1158,-0.101970865,-0.171357616,-0.678858162,-0.579150579,0.183746338,98.5015877
1160,-0.074550129,-0.173013245,-0.677966102,-0.434362934,-0.09954834,98.49780645
1162,-0.035132819,-0.174668874,-0.678858162,-0.579150579,-0.625305176,98.49888023
1164,-0.023136247,-0.181291391,-0.677966102,-0.434362934,0.094970703,98.50033375
1166,0.005141388,-0.195364238,-0.679750223,-0.627413127,0.749389648,98.504078
1168,0.054841474,-0.199503311,-0.677966102,-0.482625483,0.197479248,98.50805129
1170,0.06083976,-0.20281457,-0.678858162,-0.482625483,-0.331939697,98.50358307
1172,0.078834619,-0.211092715,-0.678858162,-0.579150579,-0.720581055,98.5061782
1174,0.122536418,-0.205298013,-0.677966102,-0.482625483,-0.282348633,98.50976724
1176,0.12596401,-0.212748344,-0.677074041,-0.530888031,0.402832031,98.50958447
1178,0.150814053,-0.210264901,-0.679750223,-0.530888031,0.651733398,98.50533544
1180,0.190231362,-0.208609272,-0.677074041,-0.579150579,0.330596924,98.50124265
1182,0.225364182,-0.178807947,-0.67618198,-0.482625483,0.156097412,98.49824481
1184,0.235646958,-0.144039735,-0.645851918,-0.482625483,-0.383239746,98.50102767
1186,0.293059126,-0.102649007,-0.597680642,-0.579150579,-0.584014893,98.50010047
1188,0.318766067,-0.109271523,-0.563782337,-0.530888031,-0.429901123,98.50337089
1190,0.330762639,-0.113410596,-0.606601249,-0.530888031,-0.239440918,98.49985057
1192,0.383890317,-0.081953642,-0.677074041,-0.482625483,0.26663208,98.50217971
1194,0.410454156,-0.090231788,-0.677074041,-0.579150579,0.598968506,98.49867863
1196,0.45672665,-0.105960265,-0.684210526,-0.482625483,0.597381592,98.50206293
1198,0.506426735,-0.113410596,-0.678858162,-0.579150579,0.302185059,98.5025166
1200,0.527849186,-0.176324503,-0.677074041,-0.530888031,-0.046417236,98.50712828
1202,0.577549272,-0.27897351,-0.683318466,-0.627413127,-0.47442627,98.50288324
1204,0.562125107,-0.274834437,-0.668153434,-0.530888031,-0.57989502,98.50722157
1206,0.502999143,-0.300496689,-0.623550401,-0.579150579,-0.330993652,98.50581581
1208,0.518423308,-0.332781457,-0.601248885,-0.627413127,-0.08493042,98.50148512
1210,0.550985433,-0.329470199,-0.582515611,-0.530888031,0.178985596,98.50614445
1212,0.552699229,-0.330298013,-0.562890277,-0.579150579,0.355407715,98.50763898
1214,0.565552699,-0.337748344,-0.534344335,-0.530888031,0.245849609,98.50684515
1216,0.600685518,-0.337748344,-0.536128457,-0.530888031,0.103637695,98.50780956
1218,0.604113111,-0.33692053,-0.516503122,-0.482625483,-0.037078857,98.50628044
1220,0.59982862,-0.358443709,-0.50044603,-0.482625483,-0.113464355,98.50345671
1222,0.645244216,-0.348509934,-0.494201606,-0.482625483,-0.096679688,98.49883512
1224,0.652956298,-0.363410596,-0.481712756,-0.530888031,-0.031158447,98.49536937
1226,0.654670094,-0.377483444,-0.455842997,-0.579150579,0.022674561,98.4941032
1228,0.686375321,-0.376655629,-0.435325602,-0.482625483,0.030578613,98.49787135
1230,0.686375321,-0.384933775,-0.41926851,-0.530888031,0.003417969,98.49728283
1232,0.70865467,-0.383278146,-0.395182872,-0.530888031,-0.032989502,98.49866053
1234,0.735218509,-0.38410596,-0.380017841,-0.482625483,-0.041748047,98.49753859
1236,0.740359897,-0.393211921,-0.362176628,-0.530888031,-0.024871826,98.50091055
1238,0.738646101,-0.407284768,-0.329170384,-0.482625483,0.003051758,98.50357373
1240,0.774635818,-0.404801325,-0.327386262,-0.530888031,0.019439697,98.49982957
1242,0.777206512,-0.413907285,-0.304192685,-0.482625483,0.021362305,98.49575618
1244,0.778920308,-0.424668874,-0.284567351,-0.482625483,0.013977051,98.49735936
1246,0.807197943,-0.417218543,-0.27029438,-0.530888031,0.007507324,98.49613607
1248,0.820908312,-0.419701987,-0.249776985,-0.482625483,0.008575439,98.49221399
1250,0.824335904,-0.419701987,-0.217662801,-0.530888031,0.012390137,98.4934521
1252,0.844901457,-0.426324503,-0.194469224,-0.530888031,0.010925293,98.49466811
1254,0.857754927,-0.423013245,-0.197145406,-0.434362934,0.005218506,98.49878438
1256,0.860325621,-0.435430464,-0.171275647,-0.434362934,-0.00112915,98.4998457
1258,0.889460154,-0.426324503,-0.163247101,-0.482625483,-0.0050354,98.49969915
1260,0.892887746,-0.430463576,-0.153434434,-0.434362934,-0.003295898,98.50046656
1262,0.885175664,-0.435430464,-0.133809099,-0.530888031,-0.002075195,98.50528758
1264,0.904027421,-0.432119205,-0.126672614,-0.530888031,-0.001403809,98.50547326
1266,0.911739503,-0.432119205,-0.115967886,-0.530888031,-0.001312256,98.50396028
1268,0.897172237,-0.444536424,-0.101694915,-0.530888031,-0.00177002,98.50878902
1270,0.925449871,-0.442880795,-0.084745763,-0.530888031,0.000457764,98.51370912
1272,0.910882605,-0.450331126,-0.065120428,-0.482625483,0.00189209,98.5176707
1274,0.899742931,-0.453642384,-0.048171276,-0.627413127,0.003112793,98.5200865
1276,0.925449871,-0.456125828,-0.034790366,-0.482625483,0.003417969,98.52173387
1278,0.921165381,-0.461092715,-0.028545941,-0.530888031,0.00177002,98.52406749
1280,0.916880891,-0.469370861,-0.008028546,-0.530888031,0.002929688,98.52342666
1282,0.940017138,-0.485927152,0.009812667,-0.530888031,0.003875732,98.52242298
1284,0.946015424,-0.474337748,0.010704728,-0.530888031,0.004058838,98.51960189
1286,0.928020566,-0.463576159,0.02765388,-0.482625483,0.003417969,98.52341819
1288,0.854327335,-0.259933775,0.377341659,-0.627413127,0.002746582,98.52783889
1290,0.811482434,-0.130794702,1.029438002,-0.530888031,-0.001586914,98.53232844
1292,1.1302485,0.532284768,0.073148974,-0.482625483,0.00100708,98.52839286
1294,1.629820051,1.205298013,-0.695807315,-0.579150579,0.00189209,98.52397262
1296,1.680377035,-0.237582781,-0.68956289,-0.482625483,0.003875732,98.52060986
1298,1.546700943,-1.069536424,-0.723461195,-0.627413127,0.002349854,98.5208846
1300,1.286203942,-1.07615894,-0.697591436,-0.530888031,0.000457764,98.51658208
1302,1.103684662,-1.051324503,-0.303300624,-0.482625483,-0.000457764,98.51168353
1304,0.970865467,-1.020695364,-0.072256913,-0.627413127,0.00189209,98.50760033
1306,0.907455013,-0.849337748,0.052631579,-0.434362934,0.000946045,98.50867468
1308,0.856041131,-0.821192053,0.111507583,-0.482625483,0.002532959,98.50423554
1310,0.827763496,-0.809602649,0.152542373,-0.627413127,0.001220703,98.50581654
1312,0.832904884,-0.810430464,0.165923283,-0.530888031,0.002471924,98.50657474
1314,0.839760069,-0.814569536,0.173059768,-0.530888031,0.002532959,98.5023131
1316,0.819194516,-0.820364238,0.181088314,-0.482625483,0.002288818,98.49972879
1318,0.838903171,-0.831953642,0.18911686,-0.482625483,0.003234863,98.49824074
1320,0.851756641,-0.821192053,0.180196253,-0.434362934,0.003234863,98.49450813
1322,0.841473865,-0.819536424,0.191793042,-0.530888031,0.003051758,98.49690221
1324,0.861182519,-0.81705298,0.188224799,-0.434362934,0.00189209,98.49635901
1326,0.880891174,-0.802152318,0.181088314,-0.482625483,0.000549316,98.49153513
1328,0.868037704,-0.77897351,0.22925959,-0.434362934,0.001220703,98.49335221
1330,0.907455013,-0.721854305,0.318465656,-0.482625483,-0.000244141,98.49716054
1332,0.929734362,-0.683774834,0.371097235,-0.434362934,0.003875732,98.49355875
1334,0.923736075,-0.694536424,0.402319358,-0.482625483,0.004272461,98.49666729
1336,0.941730934,-0.676324503,0.354148082,-0.530888031,0.002655029,98.49419588
1338,0.976006855,-0.648178808,0.20249777,-0.482625483,0.00112915,98.48943974
1340,0.967437875,-0.637417219,0.186440678,-0.482625483,0.003875732,98.48974698
1342,1.002570694,-0.626655629,0.198929527,-0.434362934,0.003997803,98.49409552
1344,1.027420737,-0.647350993,0.228367529,-0.627413127,0.002929688,98.49678881
1346,1.020565553,-0.713576159,0.246208742,-0.482625483,0.00177002,98.49583633
1348,1.055698372,-0.814569536,0.247100803,-0.579150579,0.001312256,98.49801444
1350,1.010282776,-0.825331126,0.349687779,-0.434362934,0.001586914,98.49782767
1352,0.928020566,-0.899834437,0.423728814,-0.627413127,0.001708984,98.49723943
1354,0.936589546,-0.93294702,0.466547725,-0.627413127,0.003875732,98.50166303
1356,0.940017138,-0.955298013,0.506690455,-0.434362934,0.005218506,98.50245082
1358,0.914310197,-0.991721854,0.543264942,-0.579150579,0.002532959,98.50528691
1360,0.937446444,-1.011589404,0.536128457,-0.530888031,-0.002349854,98.50743499
1362,0.953727506,-1.030629139,0.531668153,-0.579150579,-0.00112915,98.50385665
1364,0.952870608,-1.037251656,0.52720785,-0.627413127,0.000457764,98.50578583
1366,0.972579263,-1.041390728,0.521855486,-0.579150579,0.003295898,98.50472232
1368,0.99571551,-1.03807947,0.493309545,-0.530888031,0.004364014,98.501
1370,0.988860326,-1.018211921,0.483496878,-0.627413127,0.002471924,98.50240904
1372,0.994001714,-0.991721854,0.478144514,-0.530888031,0.003814697,98.50238413
1374,1.028277635,-0.964403974,0.442462087,-0.434362934,0.002349854,98.49802385
1376,1,-0.947019868,0.437109723,-0.530888031,0.000549316,98.49825923
1378,0.996572408,-0.911423841,0.441570027,-0.530888031,0.002166748,98.49640462
1380,1.005141388,-0.876655629,0.422836753,-0.579150579,0.003112793,98.49995354
1382,0.989717224,-0.841059603,0.434433541,-0.530888031,0.013031006,98.4950437
1384,0.983718937,-0.813741722,0.425512935,-0.530888031,-0.025939941,98.49206955
1386,0.98714653,-0.771523179,0.422836753,-0.579150579,-0.017028809,98.49587559
1388,0.953727506,-0.753311258,0.437109723,-0.530888031,0.094390869,98.49305609
1390,0.948586118,-0.724337748,0.448706512,-0.579150579,0.080871582,98.49123299
1392,0.941730934,-0.700331126,0.450490633,-0.579150579,-0.147033691,98.48967262
1394,0.913453299,-0.687913907,0.458519179,-0.579150579,-0.329956055,98.4926734
1396,0.906598115,-0.670529801,0.457627119,-0.627413127,0.282531738,98.49338424
1398,0.928877464,-0.650662252,0.44603033,-0.530888031,0.414825439,98.49651663
1400,0.910025707,-0.647350993,0.458519179,-0.675675676,-0.153045654,98.49237842
1402,0.918594687,-0.63410596,0.460303301,-0.530888031,-0.388580322,98.4892998
1404,0.929734362,-0.636589404,0.450490633,-0.482625483,-0.19052124,98.49059481
1406,0.901456727,-0.639072848,0.457627119,-0.482625483,0.148193359,98.48623345
1408,0.897172237,-0.639072848,0.458519179,-0.530888031,0.41809082,98.48866307
1410,0.917737789,-0.631622517,0.445138269,-0.530888031,0.319671631,98.48969705
1412,0.892030848,-0.636589404,0.449598573,-0.386100386,-0.025939941,98.49268149
1414,0.892887746,-0.638245033,0.462087422,-0.482625483,-0.390411377,98.48928744
1416,0.908311911,-0.631622517,0.445138269,-0.627413127,-0.449829102,98.49166674
1418,0.872322194,-0.640728477,0.450490633,-0.337837838,-0.223907471,98.49423714
1420,0.880891174,-0.639900662,0.44603033,-0.241312741,0.111083984,98.49805025
1422,0.903170523,-0.624172185,0.435325602,-0.337837838,0.381256104,98.49734267
1424,0.880034276,-0.63410596,0.429973238,-0.579150579,0.436645508,98.4942175
1426,0.862896315,-0.634933775,0.443354148,-0.482625483,0.271789551,98.49224781
1428,0.880034276,-0.625,0.438001784,-0.193050193,-0.016265869,98.49045538
1430,0.856041131,-0.625827815,0.426404996,-0.530888031,-0.276062012,98.48987545
1432,0.854327335,-0.620860927,0.424620874,-0.482625483,-0.378967285,98.4884943
1434,0.871465296,-0.617549669,0.425512935,-0.482625483,-0.271484375,98.4897503
1436,0.838903171,-0.615066225,0.429081178,-0.482625483,-0.053466797,98.49413857
1438,0.823479006,-0.613410596,0.43175736,-0.482625483,0.142547607,98.49200761
1440,0.853470437,-0.595198675,0.41926851,-0.530888031,0.219207764,98.4894536
1442,0.824335904,-0.597682119,0.416592328,-0.530888031,0.166015625,98.49366214
1444,0.811482434,-0.59602649,0.416592328,-0.627413127,0.063018799,98.49792431
1446,0.83033419,-0.586092715,0.40499554,-0.627413127,-0.020843506,98.49602372
1448,0.803770351,-0.588576159,0.4058876,-0.482625483,-0.047851563,98.49178847
1450,0.793487575,-0.576986755,0.4058876,-0.627413127,-0.031280518,98.49459725
1452,0.808054841,-0.570364238,0.375557538,-0.627413127,-0.0078125,98.4909047
1454,0.783204799,-0.567880795,0.358608385,-0.627413127,-0.006561279,98.49051952
1456,0.767780634,-0.567880795,0.353256021,-0.530888031,-0.017242432,98.48992121
1458,0.776349614,-0.560430464,0.348795718,-0.482625483,-0.027648926,98.49097123
1460,0.763496144,-0.557119205,0.33719893,-0.579150579,-0.022125244,98.48724144
1462,0.749785775,-0.555463576,0.344335415,-0.627413127,-0.002349854,98.48823188
1464,0.766923736,-0.540562914,0.332738626,-0.530888031,0.010559082,98.48455313
1466,0.749785775,-0.548013245,0.322033898,-0.627413127,0.016784668,98.4807065
1468,0.738646101,-0.541390728,0.334522748,-0.530888031,0.013519287,98.48011723
1470,0.763496144,-0.529801325,0.32471008,-0.675675676,0.007324219,98.47782823
1472,0.745501285,-0.525662252,0.328278323,-0.579150579,0.003997803,98.4822693
1474,0.740359897,-0.489238411,0.349687779,-0.579150579,0.00769043,98.48243573
1476,0.746358183,-0.438741722,0.43264942,-0.579150579,0.010375977,98.48188865
1478,0.738646101,-0.397350993,0.475468332,-0.530888031,0.005126953,98.47997453
1480,0.734361611,-0.399834437,0.49955397,-0.627413127,-0.002075195,98.4796705
1482,0.720651243,-0.383278146,0.445138269,-0.627413127,-0.001983643,98.48246494
1484,0.716366752,-0.341887417,0.313113292,-0.530888031,-0.002838135,98.47915306
1486,0.716366752,-0.354304636,0.27029438,-0.579150579,0.000183105,98.47437757
1488,0.748071979,-0.357615894,0.25691347,-0.579150579,0.000244141,98.47646487
1490,0.734361611,-0.368377483,0.251561106,-0.530888031,-0.001525879,98.47751636
1492,0.721508141,-0.408112583,0.2426405,-0.482625483,-0.002075195,98.47665316

